[{"model": "auth.permission", "pk": 1, "fields": {"name": "Can add log entry", "content_type": 1, "codename": "add_logentry"}}, {"model": "auth.permission", "pk": 2, "fields": {"name": "Can change log entry", "content_type": 1, "codename": "change_logentry"}}, {"model": "auth.permission", "pk": 3, "fields": {"name": "Can delete log entry", "content_type": 1, "codename": "delete_logentry"}}, {"model": "auth.permission", "pk": 4, "fields": {"name": "Can view log entry", "content_type": 1, "codename": "view_logentry"}}, {"model": "auth.permission", "pk": 5, "fields": {"name": "Can add permission", "content_type": 2, "codename": "add_permission"}}, {"model": "auth.permission", "pk": 6, "fields": {"name": "Can change permission", "content_type": 2, "codename": "change_permission"}}, {"model": "auth.permission", "pk": 7, "fields": {"name": "Can delete permission", "content_type": 2, "codename": "delete_permission"}}, {"model": "auth.permission", "pk": 8, "fields": {"name": "Can view permission", "content_type": 2, "codename": "view_permission"}}, {"model": "auth.permission", "pk": 9, "fields": {"name": "Can add group", "content_type": 3, "codename": "add_group"}}, {"model": "auth.permission", "pk": 10, "fields": {"name": "Can change group", "content_type": 3, "codename": "change_group"}}, {"model": "auth.permission", "pk": 11, "fields": {"name": "Can delete group", "content_type": 3, "codename": "delete_group"}}, {"model": "auth.permission", "pk": 12, "fields": {"name": "Can view group", "content_type": 3, "codename": "view_group"}}, {"model": "auth.permission", "pk": 13, "fields": {"name": "Can add content type", "content_type": 4, "codename": "add_contenttype"}}, {"model": "auth.permission", "pk": 14, "fields": {"name": "Can change content type", "content_type": 4, "codename": "change_contenttype"}}, {"model": "auth.permission", "pk": 15, "fields": {"name": "Can delete content type", "content_type": 4, "codename": "delete_contenttype"}}, {"model": "auth.permission", "pk": 16, "fields": {"name": "Can view content type", "content_type": 4, "codename": "view_contenttype"}}, {"model": "auth.permission", "pk": 17, "fields": {"name": "Can add session", "content_type": 5, "codename": "add_session"}}, {"model": "auth.permission", "pk": 18, "fields": {"name": "Can change session", "content_type": 5, "codename": "change_session"}}, {"model": "auth.permission", "pk": 19, "fields": {"name": "Can delete session", "content_type": 5, "codename": "delete_session"}}, {"model": "auth.permission", "pk": 20, "fields": {"name": "Can view session", "content_type": 5, "codename": "view_session"}}, {"model": "auth.permission", "pk": 21, "fields": {"name": "Can add product", "content_type": 6, "codename": "add_product"}}, {"model": "auth.permission", "pk": 22, "fields": {"name": "Can change product", "content_type": 6, "codename": "change_product"}}, {"model": "auth.permission", "pk": 23, "fields": {"name": "Can delete product", "content_type": 6, "codename": "delete_product"}}, {"model": "auth.permission", "pk": 24, "fields": {"name": "Can view product", "content_type": 6, "codename": "view_product"}}, {"model": "auth.permission", "pk": 25, "fields": {"name": "Can add product category", "content_type": 7, "codename": "add_productcategory"}}, {"model": "auth.permission", "pk": 26, "fields": {"name": "Can change product category", "content_type": 7, "codename": "change_productcategory"}}, {"model": "auth.permission", "pk": 27, "fields": {"name": "Can delete product category", "content_type": 7, "codename": "delete_productcategory"}}, {"model": "auth.permission", "pk": 28, "fields": {"name": "Can view product category", "content_type": 7, "codename": "view_productcategory"}}, {"model": "auth.permission", "pk": 29, "fields": {"name": "Can add user", "content_type": 8, "codename": "add_shopuser"}}, {"model": "auth.permission", "pk": 30, "fields": {"name": "Can change user", "content_type": 8, "codename": "change_shopuser"}}, {"model": "auth.permission", "pk": 31, "fields": {"name": "Can delete user", "content_type": 8, "codename": "delete_shopuser"}}, {"model": "auth.permission", "pk": 32, "fields": {"name": "Can view user", "content_type": 8, "codename": "view_shopuser"}}, {"model": "auth.permission", "pk": 33, "fields": {"name": "Can add basket", "content_type": 9, "codename": "add_basket"}}, {"model": "auth.permission", "pk": 34, "fields": {"name": "Can change basket", "content_type": 9, "codename": "change_basket"}}, {"model": "auth.permission", "pk": 35, "fields": {"name": "Can delete basket", "content_type": 9, "codename": "delete_basket"}}, {"model": "auth.permission", "pk": 36, "fields": {"name": "Can view basket", "content_type": 9, "codename": "view_basket"}}, {"model": "auth.permission", "pk": 37, "fields": {"name": "Can add association", "content_type": 10, "codename": "add_association"}}, {"model": "auth.permission", "pk": 38, "fields": {"name": "Can change association", "content_type": 10, "codename": "change_association"}}, {"model": "auth.permission", "pk": 39, "fields": {"name": "Can delete association", "content_type": 10, "codename": "delete_association"}}, {"model": "auth.permission", "pk": 40, "fields": {"name": "Can view association", "content_type": 10, "codename": "view_association"}}, {"model": "auth.permission", "pk": 41, "fields": {"name": "Can add code", "content_type": 11, "codename": "add_code"}}, {"model": "auth.permission", "pk": 42, "fields": {"name": "Can change code", "content_type": 11, "codename": "change_code"}}, {"model": "auth.permission", "pk": 43, "fields": {"name": "Can delete code", "content_type": 11, "codename": "delete_code"}}, {"model": "auth.permission", "pk": 44, "fields": {"name": "Can view code", "content_type": 11, "codename": "view_code"}}, {"model": "auth.permission", "pk": 45, "fields": {"name": "Can add nonce", "content_type": 12, "codename": "add_nonce"}}, {"model": "auth.permission", "pk": 46, "fields": {"name": "Can change nonce", "content_type": 12, "codename": "change_nonce"}}, {"model": "auth.permission", "pk": 47, "fields": {"name": "Can delete nonce", "content_type": 12, "codename": "delete_nonce"}}, {"model": "auth.permission", "pk": 48, "fields": {"name": "Can view nonce", "content_type": 12, "codename": "view_nonce"}}, {"model": "auth.permission", "pk": 49, "fields": {"name": "Can add user social auth", "content_type": 13, "codename": "add_usersocialauth"}}, {"model": "auth.permission", "pk": 50, "fields": {"name": "Can change user social auth", "content_type": 13, "codename": "change_usersocialauth"}}, {"model": "auth.permission", "pk": 51, "fields": {"name": "Can delete user social auth", "content_type": 13, "codename": "delete_usersocialauth"}}, {"model": "auth.permission", "pk": 52, "fields": {"name": "Can view user social auth", "content_type": 13, "codename": "view_usersocialauth"}}, {"model": "auth.permission", "pk": 53, "fields": {"name": "Can add partial", "content_type": 14, "codename": "add_partial"}}, {"model": "auth.permission", "pk": 54, "fields": {"name": "Can change partial", "content_type": 14, "codename": "change_partial"}}, {"model": "auth.permission", "pk": 55, "fields": {"name": "Can delete partial", "content_type": 14, "codename": "delete_partial"}}, {"model": "auth.permission", "pk": 56, "fields": {"name": "Can view partial", "content_type": 14, "codename": "view_partial"}}, {"model": "auth.permission", "pk": 57, "fields": {"name": "Can add shop user profile", "content_type": 15, "codename": "add_shopuserprofile"}}, {"model": "auth.permission", "pk": 58, "fields": {"name": "Can change shop user profile", "content_type": 15, "codename": "change_shopuserprofile"}}, {"model": "auth.permission", "pk": 59, "fields": {"name": "Can delete shop user profile", "content_type": 15, "codename": "delete_shopuserprofile"}}, {"model": "auth.permission", "pk": 60, "fields": {"name": "Can view shop user profile", "content_type": 15, "codename": "view_shopuserprofile"}}, {"model": "auth.permission", "pk": 61, "fields": {"name": "Can add \u0437\u0430\u043a\u0430\u0437", "content_type": 16, "codename": "add_order"}}, {"model": "auth.permission", "pk": 62, "fields": {"name": "Can change \u0437\u0430\u043a\u0430\u0437", "content_type": 16, "codename": "change_order"}}, {"model": "auth.permission", "pk": 63, "fields": {"name": "Can delete \u0437\u0430\u043a\u0430\u0437", "content_type": 16, "codename": "delete_order"}}, {"model": "auth.permission", "pk": 64, "fields": {"name": "Can view \u0437\u0430\u043a\u0430\u0437", "content_type": 16, "codename": "view_order"}}, {"model": "auth.permission", "pk": 65, "fields": {"name": "Can add order item", "content_type": 17, "codename": "add_orderitem"}}, {"model": "auth.permission", "pk": 66, "fields": {"name": "Can change order item", "content_type": 17, "codename": "change_orderitem"}}, {"model": "auth.permission", "pk": 67, "fields": {"name": "Can delete order item", "content_type": 17, "codename": "delete_orderitem"}}, {"model": "auth.permission", "pk": 68, "fields": {"name": "Can view order item", "content_type": 17, "codename": "view_orderitem"}}, {"model": "sessions.session", "pk": "21vogospp3colx4e0b2sp3i09giyfiwz", "fields": {"session_data": "NjAwOTlkMDc2ZDViMjZiZWVhMGM3YTUxNGZhMTcyYTk0MDllZTE2Zjp7Il9hdXRoX3VzZXJfaWQiOiIxIiwiX2F1dGhfdXNlcl9iYWNrZW5kIjoiZGphbmdvLmNvbnRyaWIuYXV0aC5iYWNrZW5kcy5Nb2RlbEJhY2tlbmQiLCJfYXV0aF91c2VyX2hhc2giOiJlNDIyNTk5OTNjMjBlNmEyMDhlZTIxZTYyMzU5Njc5M2M0Y2Q2NDhkIn0=", "expire_date": "2019-03-14T06:31:41.928Z"}}, {"model": "sessions.session", "pk": "59mkkf7kyexwlo7mtz67wjw4a5i74hlf", "fields": {"session_data": "NjAwOTlkMDc2ZDViMjZiZWVhMGM3YTUxNGZhMTcyYTk0MDllZTE2Zjp7Il9hdXRoX3VzZXJfaWQiOiIxIiwiX2F1dGhfdXNlcl9iYWNrZW5kIjoiZGphbmdvLmNvbnRyaWIuYXV0aC5iYWNrZW5kcy5Nb2RlbEJhY2tlbmQiLCJfYXV0aF91c2VyX2hhc2giOiJlNDIyNTk5OTNjMjBlNmEyMDhlZTIxZTYyMzU5Njc5M2M0Y2Q2NDhkIn0=", "expire_date": "2019-01-24T08:44:06.694Z"}}, {"model": "sessions.session", "pk": "cfznagtn6xjhrx2591wgx9alr52dsnqf", "fields": {"session_data": "NjAwOTlkMDc2ZDViMjZiZWVhMGM3YTUxNGZhMTcyYTk0MDllZTE2Zjp7Il9hdXRoX3VzZXJfaWQiOiIxIiwiX2F1dGhfdXNlcl9iYWNrZW5kIjoiZGphbmdvLmNvbnRyaWIuYXV0aC5iYWNrZW5kcy5Nb2RlbEJhY2tlbmQiLCJfYXV0aF91c2VyX2hhc2giOiJlNDIyNTk5OTNjMjBlNmEyMDhlZTIxZTYyMzU5Njc5M2M0Y2Q2NDhkIn0=", "expire_date": "2019-02-11T07:31:10.965Z"}}, {"model": "sessions.session", "pk": "d6juufa14d3qau9rkxs3k30a5kqdo3sq", "fields": {"session_data": "NjAwOTlkMDc2ZDViMjZiZWVhMGM3YTUxNGZhMTcyYTk0MDllZTE2Zjp7Il9hdXRoX3VzZXJfaWQiOiIxIiwiX2F1dGhfdXNlcl9iYWNrZW5kIjoiZGphbmdvLmNvbnRyaWIuYXV0aC5iYWNrZW5kcy5Nb2RlbEJhY2tlbmQiLCJfYXV0aF91c2VyX2hhc2giOiJlNDIyNTk5OTNjMjBlNmEyMDhlZTIxZTYyMzU5Njc5M2M0Y2Q2NDhkIn0=", "expire_date": "2019-02-06T14:09:24.678Z"}}, {"model": "sessions.session", "pk": "gu0lb260rjl1mc3s4qrd7g2h8hw0ukl8", "fields": {"session_data": "NjAwOTlkMDc2ZDViMjZiZWVhMGM3YTUxNGZhMTcyYTk0MDllZTE2Zjp7Il9hdXRoX3VzZXJfaWQiOiIxIiwiX2F1dGhfdXNlcl9iYWNrZW5kIjoiZGphbmdvLmNvbnRyaWIuYXV0aC5iYWNrZW5kcy5Nb2RlbEJhY2tlbmQiLCJfYXV0aF91c2VyX2hhc2giOiJlNDIyNTk5OTNjMjBlNmEyMDhlZTIxZTYyMzU5Njc5M2M0Y2Q2NDhkIn0=", "expire_date": "2019-03-26T18:00:38.653Z"}}, {"model": "sessions.session", "pk": "ie9cs0y6oell5628kqax8t9nmg5l1rqc", "fields": {"session_data": "YzI3MjZmZWU4OTFkNDJiMzllZDE4ZmIwMWNlOWRmZTNiNDQ4ZDY5ZTp7Im5leHQiOiIvIiwidmstb2F1dGgyX3N0YXRlIjoiV0VtYWFFWEtvSG1Zck84MGp0VkMyaFRWcnpxRmpUWm4iLCJfYXV0aF91c2VyX2lkIjoiMTMiLCJfYXV0aF91c2VyX2JhY2tlbmQiOiJzb2NpYWxfY29yZS5iYWNrZW5kcy52ay5WS09BdXRoMiIsIl9hdXRoX3VzZXJfaGFzaCI6ImU3MTdmMzUxNGYzZWMxZmRmMTJkNTRjZDE4NDExY2RjMTQwN2RlZWEiLCJzb2NpYWxfYXV0aF9sYXN0X2xvZ2luX2JhY2tlbmQiOiJ2ay1vYXV0aDIifQ==", "expire_date": "2019-03-21T12:26:28.205Z"}}, {"model": "sessions.session", "pk": "injs8mp2myl74tzz705rgbfwk6x1kyf9", "fields": {"session_data": "NjAwOTlkMDc2ZDViMjZiZWVhMGM3YTUxNGZhMTcyYTk0MDllZTE2Zjp7Il9hdXRoX3VzZXJfaWQiOiIxIiwiX2F1dGhfdXNlcl9iYWNrZW5kIjoiZGphbmdvLmNvbnRyaWIuYXV0aC5iYWNrZW5kcy5Nb2RlbEJhY2tlbmQiLCJfYXV0aF91c2VyX2hhc2giOiJlNDIyNTk5OTNjMjBlNmEyMDhlZTIxZTYyMzU5Njc5M2M0Y2Q2NDhkIn0=", "expire_date": "2019-03-17T12:08:54.515Z"}}, {"model": "sessions.session", "pk": "m0cll8puubmmpus2izohyw5zwp7l18zf", "fields": {"session_data": "YWJjZGM0YTE5NzgwY2QxMzY2MzJmNDg0NTE3MmY3MWNmZmZhNjM5Zjp7Il9hdXRoX3VzZXJfaWQiOiIzIiwiX2F1dGhfdXNlcl9iYWNrZW5kIjoiZGphbmdvLmNvbnRyaWIuYXV0aC5iYWNrZW5kcy5Nb2RlbEJhY2tlbmQiLCJfYXV0aF91c2VyX2hhc2giOiIzMTcyMWU0Y2YwYWZkZmQ1OWU5NTk1N2Y5NTNmNTRhYTk3ODE0MzBmIn0=", "expire_date": "2019-01-30T07:57:33.364Z"}}, {"model": "sessions.session", "pk": "vh9hqo9i4baptwlcge76qi0oghfjuf9g", "fields": {"session_data": "NjAwOTlkMDc2ZDViMjZiZWVhMGM3YTUxNGZhMTcyYTk0MDllZTE2Zjp7Il9hdXRoX3VzZXJfaWQiOiIxIiwiX2F1dGhfdXNlcl9iYWNrZW5kIjoiZGphbmdvLmNvbnRyaWIuYXV0aC5iYWNrZW5kcy5Nb2RlbEJhY2tlbmQiLCJfYXV0aF91c2VyX2hhc2giOiJlNDIyNTk5OTNjMjBlNmEyMDhlZTIxZTYyMzU5Njc5M2M0Y2Q2NDhkIn0=", "expire_date": "2019-01-30T11:29:35.562Z"}}, {"model": "mainapp.productcategory", "pk": 6, "fields": {"name": "home", "description": "home furniture", "is_active": true}}, {"model": "mainapp.productcategory", "pk": 7, "fields": {"name": "office", "description": "furniture for office", "is_active": true}}, {"model": "mainapp.productcategory", "pk": 8, "fields": {"name": "furniture", "description": "furniture accessories", "is_active": true}}, {"model": "mainapp.productcategory", "pk": 9, "fields": {"name": "modern", "description": "furniture in modern style", "is_active": true}}, {"model": "mainapp.productcategory", "pk": 10, "fields": {"name": "classic", "description": "furniture in classical style", "is_active": true}}, {"model": "mainapp.productcategory", "pk": 11, "fields": {"name": "industrial", "description": "Best furniture for industry", "is_active": false}}, {"model": "mainapp.productcategory", "pk": 12, "fields": {"name": "New category", "description": "Description of new category", "is_active": false}}, {"model": "mainapp.productcategory", "pk": 13, "fields": {"name": "New class 5", "description": "Desc", "is_active": false}}, {"model": "mainapp.product", "pk": 10, "fields": {"category": 6, "name": "chair", "image": "product_images/product-3-sm.jpg", "short_desc": "chair for home", "description": "best chair for office", "price": "100.00", "quantity": 24, "is_active": true}}, {"model": "mainapp.product", "pk": 11, "fields": {"category": 7, "name": "chair", "image": "product_images/product-21_tZVdJ2c.jpg", "short_desc": "office chair", "description": "best office chair", "price": "150.00", "quantity": 50, "is_active": true}}, {"model": "mainapp.product", "pk": 12, "fields": {"category": 9, "name": "chair", "image": "product_images/product-4.jpg", "short_desc": "art nouveau chair", "description": "best art nouveau chair", "price": "250.00", "quantity": 14, "is_active": true}}, {"model": "mainapp.product", "pk": 13, "fields": {"category": 10, "name": "chair", "image": "product_images/product-2_FgO302u.jpg", "short_desc": "chair in classical style", "description": "best chair in classical style", "price": "200.00", "quantity": 26, "is_active": true}}, {"model": "mainapp.product", "pk": 14, "fields": {"category": 6, "name": "table", "image": "product_images/product-11.jpg", "short_desc": "office desk", "description": "best office desk", "price": "350.00", "quantity": 25, "is_active": true}}, {"model": "mainapp.product", "pk": 15, "fields": {"category": 7, "name": "table", "image": "product_images/product-4-sm_codLjKz.jpg", "short_desc": "table for home", "description": "best table for home", "price": "275.00", "quantity": 20, "is_active": true}}, {"model": "mainapp.product", "pk": 16, "fields": {"category": 9, "name": "table", "image": "product_images/product-5.jpg", "short_desc": "art nouveau table", "description": "best art nouveau table", "price": "500.00", "quantity": 4, "is_active": true}}, {"model": "mainapp.product", "pk": 17, "fields": {"category": 10, "name": "table", "image": "product_images/product-6.jpg", "short_desc": "table in classical style", "description": "best table in classical style", "price": "400.00", "quantity": 14, "is_active": true}}, {"model": "mainapp.product", "pk": 18, "fields": {"category": 8, "name": "handle", "image": "product_images/product-2-sm.jpg", "short_desc": "handle for the table", "description": "best handle for the table", "price": "10.00", "quantity": 20, "is_active": true}}, {"model": "mainapp.product", "pk": 19, "fields": {"category": 6, "name": "new product", "image": "", "short_desc": "test new product", "description": "test description", "price": "0.00", "quantity": 0, "is_active": true}}, {"model": "mainapp.product", "pk": 20, "fields": {"category": 6, "name": "new product 2", "image": "product_images/\u0442\u043e\u043a\u0438\u043e-\u0442\u0435\u043b\u0435\u043f\u043e\u0440\u0442_28jncfZ.PNG", "short_desc": "new product 2 for home", "description": "superb superb superb new product 2 for home!!!", "price": "500.00", "quantity": 10, "is_active": false}}, {"model": "mainapp.product", "pk": 21, "fields": {"category": 10, "name": "new classic product", "image": "", "short_desc": "new classic product short desc", "description": "new classic product desc full", "price": "555.00", "quantity": 2, "is_active": false}}, {"model": "mainapp.product", "pk": 22, "fields": {"category": 6, "name": "New home product", "image": "", "short_desc": "New home product short desc", "description": "New home product desc", "price": "10.00", "quantity": 1, "is_active": false}}, {"model": "mainapp.product", "pk": 23, "fields": {"category": 6, "name": "new home product 2", "image": "", "short_desc": "new home product 2 short desc", "description": "new home product 2 desc", "price": "0.00", "quantity": 0, "is_active": false}}, {"model": "mainapp.product", "pk": 24, "fields": {"category": 6, "name": "new home product 2", "image": "", "short_desc": "new home product 2 short desc", "description": "new home product 2 desc", "price": "0.00", "quantity": 0, "is_active": false}}, {"model": "mainapp.product", "pk": 25, "fields": {"category": 6, "name": "new home product 3", "image": "", "short_desc": "new home product 3 short desc", "description": "new home product 3 desc", "price": "0.00", "quantity": 0, "is_active": false}}, {"model": "mainapp.product", "pk": 26, "fields": {"category": 6, "name": "new home product 7", "image": "", "short_desc": "new home product 3 short desc", "description": "new home product 3 desc", "price": "0.00", "quantity": 0, "is_active": false}}, {"model": "mainapp.product", "pk": 27, "fields": {"category": 6, "name": "new home product 4", "image": "", "short_desc": "new home product 4 short desc", "description": "new home product 5 short desc", "price": "0.00", "quantity": 0, "is_active": false}}, {"model": "mainapp.product", "pk": 28, "fields": {"category": 6, "name": "new home product 5.5", "image": "", "short_desc": "new home product 5 short desc", "description": "new home product 5 desc", "price": "0.00", "quantity": 0, "is_active": false}}, {"model": "authapp.shopuser", "pk": 1, "fields": {"password": "pbkdf2_sha256$120000$pQipvfnXOzxL$oaIcBCnLnb5AJVAmjUALwXGFGjyxicS+fkVaMMfqTzM=", "last_login": "2019-03-12T18:00:38.635Z", "is_superuser": true, "username": "django", "first_name": "", "last_name": "", "email": "django@geekshop.local", "is_staff": true, "is_active": true, "date_joined": "2019-01-10T08:43:56.326Z", "avatar": "users_avatars/_avatar180_375gAgP.jpg", "age": 25, "activation_key": "", "activation_key_expires": "2019-03-01T12:36:02.031Z", "groups": [], "user_permissions": []}}, {"model": "authapp.shopuser", "pk": 2, "fields": {"password": "pbkdf2_sha256$120000$70QC1sz3zdKi$Uq6niJxUcaXW63qFdAUM4ejzux1DnpNs8KV7NY4suOE=", "last_login": "2019-01-16T11:29:29.180Z", "is_superuser": false, "username": "User2", "first_name": "User2", "last_name": "", "email": "user2@geekshop.local", "is_staff": false, "is_active": true, "date_joined": "2019-01-15T12:22:25.691Z", "avatar": "", "age": 24, "activation_key": "", "activation_key_expires": "2019-03-01T12:36:02.031Z", "groups": [], "user_permissions": []}}, {"model": "authapp.shopuser", "pk": 3, "fields": {"password": "pbkdf2_sha256$120000$9clHR4WpdNI7$W5yHBcThSa04ie1mw6ON1Z4ptGq6NOkbvQG5MMj7r0k=", "last_login": "2019-01-16T07:57:33.307Z", "is_superuser": true, "username": "user3", "first_name": "User3", "last_name": "", "email": "user3@geekshop.local", "is_staff": false, "is_active": false, "date_joined": "2019-01-15T13:43:10.307Z", "avatar": "users_avatars/12997590.png", "age": 30, "activation_key": "", "activation_key_expires": "2019-03-01T12:36:02.031Z", "groups": [], "user_permissions": []}}, {"model": "authapp.shopuser", "pk": 4, "fields": {"password": "pbkdf2_sha256$120000$YVwGvMygbPfn$rnGPIfugxj+AEGyrcAaPgdHoPPx46QjaXA6rp47rv6g=", "last_login": null, "is_superuser": true, "username": "1", "first_name": "1", "last_name": "", "email": "duncan.reg@yandex.ru", "is_staff": false, "is_active": false, "date_joined": "2019-02-27T12:38:22.556Z", "avatar": "users_avatars/_avatar180_ZutMz1M.jpg", "age": 44, "activation_key": "d832d598e146fc1276c3478e678ebf99f3a49096", "activation_key_expires": "2019-03-01T12:36:20.779Z", "groups": [], "user_permissions": []}}, {"model": "authapp.shopuser", "pk": 5, "fields": {"password": "pbkdf2_sha256$120000$BBneiNx4l8ac$HRbkyKsCfjLn7yAQEPr8FAYXQ53znYnlTYPuXbHvZI4=", "last_login": null, "is_superuser": false, "username": "2", "first_name": "2", "last_name": "", "email": "duncan.reg@yandex.ru", "is_staff": false, "is_active": false, "date_joined": "2019-02-27T12:39:51.107Z", "avatar": "users_avatars/_avatar180_efzLR8S.jpg", "age": 44, "activation_key": "3caa7a94a0156bb5870c0454dfac7375583652d8", "activation_key_expires": "2019-03-01T12:36:20.779Z", "groups": [], "user_permissions": []}}, {"model": "authapp.shopuser", "pk": 6, "fields": {"password": "pbkdf2_sha256$120000$Jj4qxky1gLGF$6W4ip8MJxTiQxFm+/pUlUNBosNutAAw/n/1e2dVu7fo=", "last_login": null, "is_superuser": false, "username": "3", "first_name": "3", "last_name": "", "email": "duncan.reg@yandex.ru", "is_staff": false, "is_active": false, "date_joined": "2019-02-27T14:04:38.955Z", "avatar": "users_avatars/_avatar180_WNNftRO.jpg", "age": 33, "activation_key": "684a2a7d7255ba4167b5a0407624058957dd2e81", "activation_key_expires": "2019-03-01T14:03:42.958Z", "groups": [], "user_permissions": []}}, {"model": "authapp.shopuser", "pk": 7, "fields": {"password": "pbkdf2_sha256$120000$kwODj646a9WF$Z7mzLKAX57bQ5/nzYENHXgv6kXA5qlqqDOOLCDH7Kj0=", "last_login": null, "is_superuser": false, "username": "4", "first_name": "4", "last_name": "", "email": "duncan.reg@yandex.ru", "is_staff": false, "is_active": false, "date_joined": "2019-02-27T14:05:58.152Z", "avatar": "users_avatars/_avatar180_j1btMBI.jpg", "age": 44, "activation_key": "df89d3123e8fb43bbad03905a12e4c49705105c1", "activation_key_expires": "2019-03-01T14:05:24.541Z", "groups": [], "user_permissions": []}}, {"model": "authapp.shopuser", "pk": 8, "fields": {"password": "pbkdf2_sha256$120000$3dsRSCzAP8tN$phue70ZZ+K5h5eW76rfBgHRP1Pox4JVfX+GCzCWwzmQ=", "last_login": null, "is_superuser": false, "username": "5", "first_name": "", "last_name": "", "email": "duncan.reg@yandex.ru", "is_staff": false, "is_active": false, "date_joined": "2019-02-27T14:07:13.673Z", "avatar": "users_avatars/_avatar180_b5uAMum.jpg", "age": 55, "activation_key": "675c1d608b6f0d6827d9e33525ad8c2008ae8687", "activation_key_expires": "2019-03-01T14:05:24.541Z", "groups": [], "user_permissions": []}}, {"model": "authapp.shopuser", "pk": 9, "fields": {"password": "pbkdf2_sha256$120000$ZKYocDUyWeaP$kGeZwsG6gHgBfdO427Nq//Bth3z2KUJlvU4N9Po1k/s=", "last_login": null, "is_superuser": false, "username": "user_10", "first_name": "", "last_name": "", "email": "duncan.reg@yandex.ru", "is_staff": false, "is_active": false, "date_joined": "2019-02-27T14:18:56.245Z", "avatar": "users_avatars/_avatar180_1xAG3Ml.jpg", "age": 100, "activation_key": "a9126d9aff9b5f0e282917658829395c856c200b", "activation_key_expires": "2019-03-01T14:18:10.922Z", "groups": [], "user_permissions": []}}, {"model": "authapp.shopuser", "pk": 10, "fields": {"password": "pbkdf2_sha256$120000$iu5O8JgRVtHK$XFuSE9zgvqdSJ5RBjai2LFyqeFZKKRbyEIbSBguzTlo=", "last_login": "2019-02-27T14:27:34.575Z", "is_superuser": false, "username": "user_11", "first_name": "", "last_name": "", "email": "duncan1.reg@yandex.ru", "is_staff": false, "is_active": true, "date_joined": "2019-02-27T14:27:08.677Z", "avatar": "users_avatars/_avatar180_UmEx6zB.jpg", "age": 111, "activation_key": "0211234e347d8caf75dcc88b6ba7eb7f13fb890b", "activation_key_expires": "2019-03-01T14:21:11.676Z", "groups": [], "user_permissions": []}}, {"model": "authapp.shopuser", "pk": 12, "fields": {"password": "pbkdf2_sha256$120000$fv8v6Dhon3ET$AHjGMBypIMSet+2kOnPVnuM0ukLAMbQU3EgwOfHEvRU=", "last_login": "2019-03-02T20:41:50.042Z", "is_superuser": false, "username": "66", "first_name": "666", "last_name": "", "email": "duncan.reg11@yandex.ru", "is_staff": false, "is_active": true, "date_joined": "2019-03-02T20:40:20.284Z", "avatar": "users_avatars/\u041a\u043e\u0441\u043c\u043e\u043d\u0430\u0432\u0442.jpg", "age": 42, "activation_key": "14f25608f86abf992f311dbe496df2d4d26ebe58", "activation_key_expires": "2019-03-04T20:37:20.710Z", "groups": [], "user_permissions": []}}, {"model": "authapp.shopuser", "pk": 13, "fields": {"password": "!HIcOlSzDWOrQ28KK8OYt5385Mb7tD7MTdwSn9oY6", "last_login": "2019-03-07T12:26:28.112Z", "is_superuser": false, "username": "andrey_likhobabin", "first_name": "\u0410\u043d\u0434\u0440\u0435\u0439", "last_name": "\u041b\u0438\u0445\u043e\u0431\u0430\u0431\u0438\u043d", "email": "duncan.reg@yandex.ru", "is_staff": false, "is_active": true, "date_joined": "2019-03-02T22:05:38.424Z", "avatar": "", "age": 40, "activation_key": "", "activation_key_expires": "2019-03-04T22:05:35.501Z", "groups": [], "user_permissions": []}}, {"model": "authapp.shopuserprofile", "pk": 1, "fields": {"user": 1, "tagline": "", "aboutMe": "", "gender": "", "language": "", "vk_page": ""}}, {"model": "authapp.shopuserprofile", "pk": 2, "fields": {"user": 2, "tagline": "", "aboutMe": "", "gender": "", "language": "", "vk_page": ""}}, {"model": "authapp.shopuserprofile", "pk": 3, "fields": {"user": 3, "tagline": "", "aboutMe": "", "gender": "", "language": "", "vk_page": ""}}, {"model": "authapp.shopuserprofile", "pk": 4, "fields": {"user": 4, "tagline": "", "aboutMe": "", "gender": "", "language": "", "vk_page": ""}}, {"model": "authapp.shopuserprofile", "pk": 5, "fields": {"user": 5, "tagline": "", "aboutMe": "", "gender": "", "language": "", "vk_page": ""}}, {"model": "authapp.shopuserprofile", "pk": 6, "fields": {"user": 6, "tagline": "", "aboutMe": "", "gender": "", "language": "", "vk_page": ""}}, {"model": "authapp.shopuserprofile", "pk": 7, "fields": {"user": 7, "tagline": "", "aboutMe": "", "gender": "", "language": "", "vk_page": ""}}, {"model": "authapp.shopuserprofile", "pk": 8, "fields": {"user": 8, "tagline": "", "aboutMe": "", "gender": "", "language": "", "vk_page": ""}}, {"model": "authapp.shopuserprofile", "pk": 9, "fields": {"user": 9, "tagline": "", "aboutMe": "", "gender": "", "language": "", "vk_page": ""}}, {"model": "authapp.shopuserprofile", "pk": 10, "fields": {"user": 10, "tagline": "", "aboutMe": "", "gender": "", "language": "", "vk_page": ""}}, {"model": "authapp.shopuserprofile", "pk": 12, "fields": {"user": 12, "tagline": "", "aboutMe": "", "gender": "", "language": "", "vk_page": ""}}, {"model": "authapp.shopuserprofile", "pk": 13, "fields": {"user": 13, "tagline": "", "aboutMe": "\u0414\u043e\u0431\u0440\u044b\u0445 \u0434\u0435\u043b \u043c\u0430\u0441\u0442\u0435\u0440", "gender": "M", "language": "\u0420\u0443\u0441\u0441\u043a\u0438\u0439", "vk_page": "https://vk.com/id175279783"}}, {"model": "basketapp.basket", "pk": 7, "fields": {"user": 2, "product": 10, "quantity": 1, "add_datetime": "2019-01-15T14:23:36.904Z"}}, {"model": "basketapp.basket", "pk": 8, "fields": {"user": 2, "product": 11, "quantity": 2, "add_datetime": "2019-01-15T14:28:53.637Z"}}, {"model": "basketapp.basket", "pk": 9, "fields": {"user": 3, "product": 10, "quantity": 1, "add_datetime": "2019-01-16T07:41:46.712Z"}}, {"model": "basketapp.basket", "pk": 10, "fields": {"user": 3, "product": 11, "quantity": 1, "add_datetime": "2019-01-16T07:42:09.427Z"}}, {"model": "basketapp.basket", "pk": 12, "fields": {"user": 3, "product": 12, "quantity": 1, "add_datetime": "2019-01-16T08:01:09.190Z"}}, {"model": "basketapp.basket", "pk": 45, "fields": {"user": 13, "product": 11, "quantity": 1, "add_datetime": "2019-03-21T11:06:05.971Z"}}, {"model": "social_django.usersocialauth", "pk": 2, "fields": {"user": 13, "provider": "vk-oauth2", "uid": "175279783", "extra_data": "{\"auth_time\": 1551961587, \"id\": 175279783, \"expires\": 86400, \"access_token\": \"f49c26ef511178e757dea2fc88b8ee3196cd7ac302720686f7e976307c896db915843bfcd6e5c730629a1\", \"token_type\": null}"}}, {"model": "ordersapp.order", "pk": 1, "fields": {"user": 1, "created": "2019-03-06T21:09:33.421Z", "updated": "2019-03-06T21:29:08.407Z", "status": "FM", "is_active": false}}, {"model": "ordersapp.order", "pk": 2, "fields": {"user": 1, "created": "2019-03-06T21:30:25.607Z", "updated": "2019-03-06T21:40:25.527Z", "status": "STP", "is_active": true}}, {"model": "ordersapp.order", "pk": 3, "fields": {"user": 1, "created": "2019-03-06T21:40:58.700Z", "updated": "2019-03-06T21:52:16.322Z", "status": "FM", "is_active": false}}, {"model": "ordersapp.order", "pk": 4, "fields": {"user": 1, "created": "2019-03-06T21:52:37.223Z", "updated": "2019-03-06T21:52:43.928Z", "status": "STP", "is_active": true}}, {"model": "ordersapp.order", "pk": 5, "fields": {"user": 1, "created": "2019-03-06T21:52:54.986Z", "updated": "2019-03-09T09:55:46.463Z", "status": "FM", "is_active": true}}, {"model": "ordersapp.order", "pk": 6, "fields": {"user": 13, "created": "2019-03-07T11:07:13.118Z", "updated": "2019-03-07T12:27:20.201Z", "status": "STP", "is_active": true}}, {"model": "ordersapp.order", "pk": 7, "fields": {"user": 13, "created": "2019-03-07T12:27:43.077Z", "updated": "2019-03-07T12:27:52.406Z", "status": "FM", "is_active": false}}, {"model": "ordersapp.order", "pk": 8, "fields": {"user": 1, "created": "2019-03-09T09:30:23.103Z", "updated": "2019-03-09T09:30:23.131Z", "status": "FM", "is_active": false}}, {"model": "ordersapp.order", "pk": 9, "fields": {"user": 1, "created": "2019-03-09T10:27:42.671Z", "updated": "2019-03-09T10:27:42.689Z", "status": "FM", "is_active": true}}, {"model": "ordersapp.order", "pk": 10, "fields": {"user": 1, "created": "2019-03-12T18:01:34.114Z", "updated": "2019-03-12T19:08:45.299Z", "status": "FM", "is_active": true}}, {"model": "ordersapp.order", "pk": 11, "fields": {"user": 1, "created": "2019-03-12T19:11:48.702Z", "updated": "2019-03-12T21:16:35.992Z", "status": "FM", "is_active": true}}, {"model": "ordersapp.orderitem", "pk": 1, "fields": {"order": 1, "product": 17, "quantity": 4}}, {"model": "ordersapp.orderitem", "pk": 2, "fields": {"order": 2, "product": 15, "quantity": 1}}, {"model": "ordersapp.orderitem", "pk": 3, "fields": {"order": 2, "product": 18, "quantity": 6}}, {"model": "ordersapp.orderitem", "pk": 4, "fields": {"order": 3, "product": 12, "quantity": 3}}, {"model": "ordersapp.orderitem", "pk": 5, "fields": {"order": 3, "product": 16, "quantity": 1}}, {"model": "ordersapp.orderitem", "pk": 6, "fields": {"order": 4, "product": 15, "quantity": 2}}, {"model": "ordersapp.orderitem", "pk": 7, "fields": {"order": 4, "product": 18, "quantity": 3}}, {"model": "ordersapp.orderitem", "pk": 8, "fields": {"order": 5, "product": 16, "quantity": 2}}, {"model": "ordersapp.orderitem", "pk": 10, "fields": {"order": 6, "product": 11, "quantity": 2}}, {"model": "ordersapp.orderitem", "pk": 11, "fields": {"order": 6, "product": 13, "quantity": 1}}, {"model": "ordersapp.orderitem", "pk": 12, "fields": {"order": 6, "product": 21, "quantity": 3}}, {"model": "ordersapp.orderitem", "pk": 13, "fields": {"order": 7, "product": 18, "quantity": 2}}, {"model": "ordersapp.orderitem", "pk": 14, "fields": {"order": 7, "product": 12, "quantity": 1}}, {"model": "ordersapp.orderitem", "pk": 15, "fields": {"order": 7, "product": 13, "quantity": 1}}, {"model": "ordersapp.orderitem", "pk": 16, "fields": {"order": 9, "product": 18, "quantity": 1}}, {"model": "ordersapp.orderitem", "pk": 17, "fields": {"order": 10, "product": 10, "quantity": 1}}, {"model": "ordersapp.orderitem", "pk": 18, "fields": {"order": 10, "product": 18, "quantity": 3}}, {"model": "ordersapp.orderitem", "pk": 19, "fields": {"order": 11, "product": 16, "quantity": 2}}, {"model": "ordersapp.orderitem", "pk": 20, "fields": {"order": 11, "product": 11, "quantity": 0}}]